source,source_profile,source_dimensions,output,output_dimensions,output_profile,output_kb
recital-rachel-01.jpg,sRGB,2048x1535,recital-rachel-01.webp,1800x1349,sRGB,238
recital-rachel-02.jpeg,untagged,1076x1251,recital-rachel-02.webp,1076x1251,sRGB,70
recital-rachel-03.jpg,sRGB,2048x1536,recital-rachel-03.webp,1800x1350,sRGB,250
recital-rachel-04.jpg,untagged,835x1080,recital-rachel-04.webp,835x1080,sRGB,75
recital-rachel-05.jpg,Rec. 2020,1200x799,recital-rachel-05.webp,1200x799,sRGB,98
recital-rachel-06.jpg,Rec. 2020,1200x799,recital-rachel-06.webp,1200x799,sRGB,27
recital-rachel-07.jpg,Rec. 2020,1200x799,recital-rachel-07.webp,1200x799,sRGB,31
recital-rachel-08.jpg,Rec. 2020,1200x799,recital-rachel-08.webp,1200x799,sRGB,104
recital-rachel-09.jpg,Rec. 2020,1200x799,recital-rachel-09.webp,1200x799,sRGB,46
recital-rachel-10.jpg,Rec. 2020,1200x799,recital-rachel-10.webp,1200x799,sRGB,33
recital-rachel-11.jpg,Rec. 2020,1200x799,recital-rachel-11.webp,1200x799,sRGB,54
recital-rachel-12.jpg,Rec. 2020,1200x800,recital-rachel-12.webp,1200x800,sRGB,55
recital-rachel-13.jpg,Rec. 2020,1200x799,recital-rachel-13.webp,1200x799,sRGB,45
recital-rachel-14.jpg,untagged,1200x799,recital-rachel-14.webp,1200x799,sRGB,81
recital-rachel-15.jpg,untagged,1200x799,recital-rachel-15.webp,1200x799,sRGB,94
recital-rachel-16.jpg,untagged,1200x800,recital-rachel-16.webp,1200x800,sRGB,50
recital-rachel-17.jpg,untagged,1200x799,recital-rachel-17.webp,1200x799,sRGB,75
recital-rachel-18.jpg,untagged,1200x799,recital-rachel-18.webp,1200x799,sRGB,45
